{
    "folder_suffix":"_NSW00",
    "output_directory": "./outputs/",
    "time_shift":-100040,
    "end_time": 500,
    "initial_infections": 200,
    "num_houses": 300000,
    "average_house_size": 2.6,
    "Beta_H": 0.0,
    "TP": 6.35,
    "ttiq": "partial",
    "vaccine_inputs": "vaccine_parameters.json",
    "contact_matrix": "effective_contact_matrix.csv",
    "population_pi": [0.06061696,0.06278249,0.06132587,0.05736739,0.06614397,0.07442774,0.07488064,0.07135864,0.06278555,0.06453577,0.05934571,0.06062002,0.05648328,0.04950413,0.04350551,0.0309999,0.0433164],
    "age_brackets": [0,5,10,15,20,25,30,35,40,45,50,55,60,65,70,75,80],
    "relative_infectiousness": [0.79915,0.687631,0.675465,0.756167,0.918134,0.965157,0.947093,0.932175,0.933528,0.939668,0.953521,0.981757,1,0.998492,0.989752,0.973762,0.943804],
    "vaccinated_proportion":{
        "Pfizer": {
            "First_Dose":[0.0,0.0,0.0,0.0,0.0,0.0,0.0,0.0,0.0],
            "Second_Dose":[0.0,0.0,0.0,0.0,0.0,0.0,0.0,0.0,0.0]
            },
        "Astrazeneca": {
            "First_Dose":[0.0,0.0,0.0,0.0,0.0,0.0,0.0,0.0,0.0],
            "Second_Dose":[0.0,0.0,0.0,0.0,0.0,0.0,0.0,0.0,0.0]  
            },
        "Moderna": {
            "First_Dose":[0.0,0.0,0.0,0.0,0.0,0.0,0.0,0.0,0.0],
            "Second_Dose":[0.0,0.0,0.0,0.0,0.0,0.0,0.0,0.0,0.0]
            }
    },
    "kid_age_distribution":[1.0,1.0,1.0,0.0,
        0.0,0.0,0.0,0.0,
        0.0,0.0,0.0,0.0,
        0.0,0.0,0.0,0.0,0.0],
    "adult_age_distribution":[0.0,0.0,0.0,1.0,
            1.0,1.0,1.0,1.0,
            1.0,1.0,1.0,1.0,
            1.0,1.0,1.0,1.0,1.0]
}
