{
    "folder_suffix":"_2510_NSW80_baseline",
    "output_directory": "./outputs/",
    "time_shift":40,
    "end_time": 500,
    "initial_infections": 200,
    "num_houses": 3141236,
    "average_house_size": 2.6,
    "Beta_H": 0.0,
    "TP": 6.32,
    "ttiq": "partial",
    "vaccine_inputs": "vaccine_parameters.json",
    "contact_matrix": "transpose_matrix.csv",
    "population_pi": [0.06061696,0.06278249,0.06132587,0.05736739,0.06614397,0.07442774,0.07488064,0.07135864,0.06278555,0.06453577,0.05934571,0.06062002,0.05648328,0.04950413,0.04350551,0.0309999,0.0433164],
    "age_brackets": [0,5,10,15,20,25,30,35,40,45,50,55,60,65,70,75,80],
    "relative_infectiousness": [0.79915,0.687631,0.675465,0.756167,0.918134,0.965157,0.947093,0.932175,0.933528,0.939668,0.953521,0.981757,1,0.998492,0.989752,0.973762,0.943804],
    "vaccinated_proportion":{
        "Pfizer": {
            "First_Dose":[0.109399,0.035481,0.027394,0.012515,0.006301,0.004324,0.00209,0.000288,0.000345],
            "Second_Dose":[0.559271,0.674138,0.615314,0.657749,0.746446,0.546488,0.168001,0.088172,0.170954] 
            },
        "Astrazeneca": {
            "First_Dose":[0.000257,0.056787,0.103873,0.094018,0.068709,0.073441,0.136314,0.094835,0.085297] ,
            "Second_Dose":[0.000049,0.039008,0.094546,0.109229,0.078445,0.296829,0.644137,0.795648,0.718353]   
            },
        "Moderna": {
            "First_Dose":[0.051077,0.01849,0.013962,0.006387,0.003484,0.002415,0.001182,0.000148,0.00017],
            "Second_Dose":[0.028311,0.009749,0.005764,0.003243,0.002242,0.001705,0.000843,0.000444,0.000314]
            }
    },
    "kid_age_distribution":[1.0,1.0,1.0,0.0,
        0.0,0.0,0.0,0.0,
        0.0,0.0,0.0,0.0,
        0.0,0.0,0.0,0.0,0.0],
    "adult_age_distribution":[0.0,0.0,0.0,1.0,
            1.0,1.0,1.0,1.0,
            1.0,1.0,1.0,1.0,
            1.0,1.0,1.0,1.0,1.0]
}
