{
    "folder_suffix":"_2510_NSW_90",
    "output_directory": "./outputs/",
    "time_shift":40,
    "end_time": 500,
    "initial_infections": 200,
    "num_houses": 3141236,
    "average_house_size": 2.6,
    "Beta_H": 0.0,
    "TP": 4.75,
    "ttiq": "partial",
    "vaccine_inputs": "vaccine_parameters.json",
    "contact_matrix": "transpose_matrix.csv",
    "population_pi": [0.06061696,0.06278249,0.06132587,0.05736739,0.06614397,0.07442774,0.07488064,0.07135864,0.06278555,0.06453577,0.05934571,0.06062002,0.05648328,0.04950413,0.04350551,0.0309999,0.0433164],
    "age_brackets": [0,5,10,15,20,25,30,35,40,45,50,55,60,65,70,75,80],
    "relative_infectiousness": [0.79915,0.687631,0.675465,0.756167,0.918134,0.965157,0.947093,0.932175,0.933528,0.939668,0.953521,0.981757,1,0.998492,0.989752,0.973762,0.943804],
    "vaccinated_proportion":{
        "Pfizer": {
            "First_Dose":[0.019758,0.006638,0.004825,0.002287,0.001158,0.000761,0.000352,0.000066,0.000051] ,
            "Second_Dose":[0.714199,0.724564,0.65417,0.675669,0.75538,0.552562,0.170936,0.088626,0.171443] 
            },
        "Astrazeneca": {
            "First_Dose":[0.00009,0.008926,0.014248,0.012575,0.010286,0.01121,0.019036,0.010585,0.00956] ,
            "Second_Dose":[0.000216,0.086869,0.184171,0.190672,0.136868,0.35906,0.761414,0.879897,0.794091] 
            },
        "Moderna": {
            "First_Dose":[0.009211,0.003284,0.002495,0.001178,0.000639,0.000436,0.000193,0.000018,0.000028],
            "Second_Dose":[0.089818,0.032019,0.022498,0.010922,0.00642,0.004567,0.002274,0.000615,0.000526] 
            }
    },
    "kid_age_distribution":[1.0,1.0,1.0,0.0,
        0.0,0.0,0.0,0.0,
        0.0,0.0,0.0,0.0,
        0.0,0.0,0.0,0.0,0.0],
    "adult_age_distribution":[0.0,0.0,0.0,1.0,
            1.0,1.0,1.0,1.0,
            1.0,1.0,1.0,1.0,
            1.0,1.0,1.0,1.0,1.0]
}
