{
    "folder_suffix":"_2510_NSW70_baseline",
    "output_directory": "./outputs/",
    "time_shift":40,
    "end_time": 500,
    "initial_infections": 200,
    "num_houses": 3141236,
    "average_house_size": 2.6,
    "Beta_H": 0.0,
    "TP": 6.32,
    "ttiq": "partial",
    "vaccine_inputs": "vaccine_parameters.json",
    "contact_matrix": "transpose_matrix.csv",
    "population_pi": [0.06061696,0.06278249,0.06132587,0.05736739,0.06614397,0.07442774,0.07488064,0.07135864,0.06278555,0.06453577,0.05934571,0.06062002,0.05648328,0.04950413,0.04350551,0.0309999,0.0433164],
    "age_brackets": [0,5,10,15,20,25,30,35,40,45,50,55,60,65,70,75,80],
    "relative_infectiousness": [0.79915,0.687631,0.675465,0.756167,0.918134,0.965157,0.947093,0.932175,0.933528,0.939668,0.953521,0.981757,1,0.998492,0.989752,0.973762,0.943804],
    "vaccinated_proportion":{
        "Pfizer": {
            "First_Dose":[0.336869,0.194051,0.147611,0.119117,0.066517,0.048323,0.016873,0.00941,0.013613],
            "Second_Dose":[0.222401,0.480087,0.467703,0.538632,0.67993,0.498165,0.151127,0.078762,0.15734]
            },
        "Astrazeneca": {
            "First_Dose":[0.000272,0.059874,0.112771,0.105687,0.075403,0.090165,0.191894,0.139633,0.12709],
            "Second_Dose":[0.000033,0.034962,0.084109,0.096178,0.070605,0.278841,0.586652,0.75007,0.676036]  
            },
        "Moderna": {
            "First_Dose":[0.04717,0.016583,0.010842,0.005528,0.00338,0.002553,0.001256,0.00049,0.000376],
            "Second_Dose":[0.000015,7.990665e-06,0.000045,0.00008,0.000068,0.000044,0.000022,6.573524e-06,0]
            }
    },
    "kid_age_distribution":[1.0,1.0,1.0,0.0,
        0.0,0.0,0.0,0.0,
        0.0,0.0,0.0,0.0,
        0.0,0.0,0.0,0.0,0.0],
    "adult_age_distribution":[0.0,0.0,0.0,1.0,
            1.0,1.0,1.0,1.0,
            1.0,1.0,1.0,1.0,
            1.0,1.0,1.0,1.0,1.0]
}
