{
    "folder_suffix":"_NOArrivals",
    "output_directory": "./outputs/",
    "time_shift":0,
    "end_time": 500,
    "initial_infections": 200,
    "num_houses": 100000,
    "average_house_size": 2.6,
    "Beta_H": 0.0,
    "TP": 4.75,
    "ttiq": "partial",
    "vaccine_inputs": "vaccine_parameters.json",
    "contact_matrix": "effective_contact_matrix.csv",
    "population_pi": [0.06061696,0.06278249,0.06132587,0.05736739,0.06614397,0.07442774,0.07488064,0.07135864,0.06278555,0.06453577,0.05934571,0.06062002,0.05648328,0.04950413,0.04350551,0.0309999,0.0433164],
    "age_brackets": [0,5,10,15,20,25,30,35,40,45,50,55,60,65,70,75,80],
    "relative_infectiousness": [0.79915,0.687631,0.675465,0.756167,0.918134,0.965157,0.947093,0.932175,0.933528,0.939668,0.953521,0.981757,1,0.998492,0.989752,0.973762,0.943804],
    "vaccinated_proportion":{
        "Pfizer": {
            "First_Dose":[0.10939865,0.03548122,0.02739445,0.01251457,0.00630085,0.00432441,0.00208983,0.00028759,0.00034485],
            "Second_Dose":[0.55927092,0.6741378,0.61531378,0.65774899,0.74644629,0.5464878,0.1680006,0.08817232,0.17095363]
            },
        "Astrazeneca": {
            "First_Dose":[0.00025707,0.05678699,0.10387349,0.09401797,0.06870922,0.07344054,0.13631356,0.09483459,0.08529732],
            "Second_Dose":[0.00004884,0.03900776,0.09454574,0.10922853,0.07844514,0.29682916,0.6441369,0.79564787,0.71835348] 
            },
        "Moderna": {
            "First_Dose":[0.05107721,0.0184904,0.01396245,0.00638664,0.00348412,0.00241481,0.00118181,0.0001479,0.0001696],
            "Second_Dose":[0.0283111,0.00974861,0.00576441,0.00324272,0.00224165,0.00170547,0.00084332,0.00044371,0.00031376] 
            }
    },
    "kid_age_distribution":[1.0,1.0,1.0,0.0,
        0.0,0.0,0.0,0.0,
        0.0,0.0,0.0,0.0,
        0.0,0.0,0.0,0.0,0.0],
    "adult_age_distribution":[0.0,0.0,0.0,1.0,
            1.0,1.0,1.0,1.0,
            1.0,1.0,1.0,1.0,
            1.0,1.0,1.0,1.0,1.0]
}
