{
    "folder_suffix":"_example",
    "output_directory": "./outputs/",
    "num_houses": 200000,
    "average_house_size": 2.6,
    "Beta_H": 0.0,
    "TP": 1.1,
    "ttiq": "partial",
    "vaccine_inputs": "vaccine_parameters.json",
    "contact_matrix": "Australia_Contact.txt",
    "population_pi": [0.06020956, 0.06341471, 0.06226446, 
                      0.05797783, 0.06569669, 0.07352615, 
                      0.07472913, 0.07165560, 0.06332489, 
                      0.06493163, 0.06128505, 0.06041115, 
                      0.05616401, 0.04919153, 0.04334894, 0.07186866],
    "age_brackets": [0,5,10,15,20,25,30,35,40,45,50,55,60,65,70,75,80],
    "relative_infectiousness": [0.591808145,0.588562282,0.648434578,0.723842108,0.784380768,0.83671558,0.870867416,0.889670634,0.90188791,0.913647575,0.927345241,0.943798521,0.962093805,0.981000589,0.995439242,1,0.989667711],
    "vaccinated_proportion":{
        "Pfizer": [0.0,0.0,0.0,0.0,
                    0.0,0.0,0.0,0.0,
                    0.0,0.0,0.0,0.0,
                    0.0,0.0,0.0,0.0],
        "Astrazeneca": [0.0,0.0,0.0,0.0,
                        0.0,0.0,0.0,0.0,
                        0.0,0.0,0.0,0.0,
                        0.0,0.0,0.0,0.0],
        "Moderna": [0.0,0.0,0.0,0.0,
                    0.0,0.0,0.0,0.0,
                    0.0,0.0,0.0,0.0,
                    0.0,0.0,0.0,0.0]
    }
}