{
"Unvaccinated":{
  "tau":[1,0.5],
  "xi":[0.61255445,0.58079145,0.6074958,0.66455077,0.72532495,0.75689225,0.76274668,0.75919663,0.76351639,0.77970428,0.80358614,0.83260507,0.87160927,0.92740179,0.98112654,0.9998503,1] ,
  "symptomatic":[0.29,0.29,0.21,0.21,0.27,0.27,0.33,0.33,0.4,0.4,0.49,0.49,0.63,0.63,0.69,0.69,0.69] 
},
"Pfizer":{
  "First_Dose": {
    "tau":[0.914, 0.457],
    "xi":[0.26339841,0.24974032,0.26122319,0.28575683,0.31188973,0.32546367,0.32798107,0.32645455,0.32831205,0.33527284,0.34554204,0.35802018,0.37479199,0.39878277,0.42188441,0.42993563,0.43] ,
    "symptomatic":[0.1218,0.1218,0.0882,0.0882,0.1134,0.1134,0.1386,0.1386,0.168,0.168,0.2058,0.2058,0.2646,0.2646,0.2898,0.2898,0.2898] 
  },
  "Second_Dose": {
    "tau":[0.164, 0.0818],
    "xi":[0.12251089,0.11615829,0.12149916,0.13291015,0.14506499,0.15137845,0.15254934,0.15183933,0.15270328,0.15594086,0.16071723,0.16652101,0.17432185,0.18548036,0.19622531,0.19997006,0.2],
    "symptomatic":[0.0464,0.0464,0.0336,0.0336,0.0432,0.0432,0.0528,0.0528,0.064,0.064,0.0784,0.0784,0.1008,0.1008,0.1104,0.1104,0.1104] 
  }
},
"Moderna":{
  "First_Dose": {
    "tau":[0.914, 0.457],
    "xi":[0.26339841,0.24974032,0.26122319,0.28575683,0.31188973,0.32546367,0.32798107,0.32645455,0.32831205,0.33527284,0.34554204,0.35802018,0.37479199,0.39878277,0.42188441,0.42993563,0.43] ,
    "symptomatic":[0.1218,0.1218,0.0882,0.0882,0.1134,0.1134,0.1386,0.1386,0.168,0.168,0.2058,0.2058,0.2646,0.2646,0.2898,0.2898,0.2898] 
  },
  "Second_Dose": {
    "tau":[0.164, 0.0818],
    "xi":[0.12251089,0.11615829,0.12149916,0.13291015,0.14506499,0.15137845,0.15254934,0.15183933,0.15270328,0.15594086,0.16071723,0.16652101,0.17432185,0.18548036,0.19622531,0.19997006,0.2],
    "symptomatic":[0.0464,0.0464,0.0336,0.0336,0.0432,0.0432,0.0528,0.0528,0.064,0.064,0.0784,0.0784,0.1008,0.1008,0.1104,0.1104,0.1104] 
  }
},
"Astrazeneca":{
  "First_Dose": {
    "tau":[1.09,0.544],
    "xi":[0.3307794,0.31362738,0.32804773,0.35885741,0.39167547,0.40872181,0.41188321,0.40996618,0.41229885,0.42104031,0.43393651,0.44960674,0.47066901,0.50079696,0.52980833,0.53991916,0.54],
    "symptomatic":[0.174,0.174,0.126,0.126,0.162,0.162,0.198,0.198,0.24,0.24,0.294,0.294,0.378,0.378,0.414,0.414,0.414] 
  },
  "Second_Dose": {
    "tau":[0.519,0.260],
    "xi":[0.20214297,0.19166118,0.20047361,0.21930175,0.23935723,0.24977444,0.25170641,0.25053489,0.25196041,0.25730241,0.26518343,0.27475967,0.28763106,0.30604259,0.32377176,0.3299506,0.33],
    "symptomatic":[0.0841,0.0841,0.0609,0.0609,0.0783,0.0783,0.0957,0.0957,0.116,0.116,0.1421,0.1421,0.1827,0.1827,0.2001,0.2001,0.2001] 
  }
}
}