{
"Unvaccinated":{
  "tau":[1,0.5],
  "xi":[0.301016,0.367215,0.432601,0.527461,0.764291,0.92387,0.982666,0.974271,0.93188,0.914635,0.928871,0.962179,1,0.972011,0.882005,0.823837,0.802185],
  "symptomatic":[0.29,0.29,0.21,0.21,0.27,0.27,0.33,0.33,0.4,0.4,0.49,0.49,0.63,0.63,0.69,0.69,0.69] 
},
"Pfizer":{
  "First_Dose": {
    "tau":[1.05, 0.525],
    "xi":[0.129437,0.157902,0.186018,0.226808,0.328645,0.397264,0.422546,0.418937,0.400708,0.393293,0.399415,0.413737,0.43,0.417965,0.379262,0.35425,0.34494],
    "symptomatic":[0.1218,0.1218,0.0882,0.0882,0.1134,0.1134,0.1386,0.1386,0.168,0.168,0.2058,0.2058,0.2646,0.2646,0.2898,0.2898,0.2898] 
  },
  "Second_Dose": {
    "tau":[0.467, 0.234],
    "xi":[0.060203,0.073443,0.08652,0.105492,0.152858,0.184774,0.196533,0.194854,0.186376,0.182927,0.185774,0.192436,0.2,0.194402,0.176401,0.164767,0.160437],
    "symptomatic":[0.0464,0.0464,0.0336,0.0336,0.0432,0.0432,0.0528,0.0528,0.064,0.064,0.0784,0.0784,0.1008,0.1008,0.1104,0.1104,0.1104] 
  }
},
"Moderna":{
  "First_Dose": {
    "tau":[1.05, 0.525],
    "xi":[0.129437,0.157902,0.186018,0.226808,0.328645,0.397264,0.422546,0.418937,0.400708,0.393293,0.399415,0.413737,0.43,0.417965,0.379262,0.35425,0.34494],
    "symptomatic":[0.1218,0.1218,0.0882,0.0882,0.1134,0.1134,0.1386,0.1386,0.168,0.168,0.2058,0.2058,0.2646,0.2646,0.2898,0.2898,0.2898] 
  },
  "Second_Dose": {
    "tau":[0.467, 0.234],
    "xi":[0.060203,0.073443,0.08652,0.105492,0.152858,0.184774,0.196533,0.194854,0.186376,0.182927,0.185774,0.192436,0.2,0.194402,0.176401,0.164767,0.160437],
    "symptomatic":[0.0464,0.0464,0.0336,0.0336,0.0432,0.0432,0.0528,0.0528,0.064,0.064,0.0784,0.0784,0.1008,0.1008,0.1104,0.1104,0.1104] 
  }
},
"Astrazeneca":{
  "First_Dose": {
    "tau":[1.11,  0.555],
    "xi":[0.162549,0.198296,0.233605,0.284829,0.412717,0.49889,0.53064,0.526106,0.503215,0.493903,0.50159,0.519577,0.54,0.524886,0.476283,0.444872,0.43318],
    "symptomatic":[0.174,0.174,0.126,0.126,0.162,0.162,0.198,0.198,0.24,0.24,0.294,0.294,0.378,0.378,0.414,0.414,0.414] 
  },
  "Second_Dose": {
    "tau":[0.811, 0.406],
    "xi":[0.099335,0.121181,0.142758,0.174062,0.252216,0.304877,0.32428,0.321509,0.30752,0.30183,0.306527,0.317519,0.33,0.320764,0.291062,0.271866,0.264721],
    "symptomatic":[0.0841,0.0841,0.0609,0.0609,0.0783,0.0783,0.0957,0.0957,0.116,0.116,0.1421,0.1421,0.1827,0.1827,0.2001,0.2001,0.2001] 
  }
}
}