{
    "folder_suffix":"_2510_WA_70",
    "output_directory": "./outputs/",
    "time_shift":0,
    "end_time": 500,
    "initial_infections": 0,
    "num_houses": 1024843,
    "average_house_size": 2.6,
    "Beta_H": 0.0,
    "TP": 6.32,
    "ttiq": "optimal",
    "vaccine_inputs": "vaccine_parameters.json",
    "contact_matrix": "transpose_matrix.csv",
    "population_pi": [0.064402,0.065758,0.064016,0.058143,0.062598,0.069405,0.076589,0.074431,0.065375,0.06684,0.063184,0.060937,0.05529,0.047834,0.040644,0.027578,0.036977] ,
    "age_brackets": [0,5,10,15,20,25,30,35,40,45,50,55,60,65,70,75,80],
    "relative_infectiousness": [0.79915,0.687631,0.675465,0.756167,0.918134,0.965157,0.947093,0.932175,0.933528,0.939668,0.953521,0.981757,1,0.998492,0.989752,0.973762,0.943804],
    "vaccinated_proportion":{
        "Pfizer": {
            "First_Dose":[0.162501,0.123059,0.097997,0.06816,0.040662,0.021997,0.011336,0.003031,0.002578] ,
            "Second_Dose":[0.33797,0.46431,0.514613,0.611954,0.68348,0.495192,0.119228,0.063531,0.147076] 
            },
        "Astrazeneca": {
            "First_Dose":[0.00006,0.002767,0.008518,0.006347,0.007726,0.015266,0.131019,0.086394,0.07063] ,
            "Second_Dose":[7.543472e-06,0.00229,0.019401,0.021317,0.033106,0.284278,0.590537,0.764922,0.697583] 
            },
        "Moderna": {
            "First_Dose":[0.119632,0.088441,0.071901,0.048679,0.029978,0.01647,0.008756,0.00253,0.002192],
            "Second_Dose":[0.037468,0.028016,0.02279,0.015437,0.009935,0.005817,0.003992,0.001606,0.001157] 
            }
    },
    "kid_age_distribution":[1.0,1.0,1.0,0.0,
        0.0,0.0,0.0,0.0,
        0.0,0.0,0.0,0.0,
        0.0,0.0,0.0,0.0,0.0],
    "adult_age_distribution":[0.0,0.0,0.0,1.0,
            1.0,1.0,1.0,1.0,
            1.0,1.0,1.0,1.0,
            1.0,1.0,1.0,1.0,1.0]
}
