{
    "folder_suffix":"_2510_WA_80",
    "output_directory": "./outputs/",
    "time_shift":0,
    "end_time": 500,
    "initial_infections": 0,
    "num_houses": 1024843,
    "average_house_size": 2.6,
    "Beta_H": 0.0,
    "TP": 6.32,
    "ttiq": "optimal",
    "vaccine_inputs": "vaccine_parameters.json",
    "contact_matrix": "transpose_matrix.csv",
    "population_pi": [0.064402,0.065758,0.064016,0.058143,0.062598,0.069405,0.076589,0.074431,0.065375,0.06684,0.063184,0.060937,0.05529,0.047834,0.040644,0.027578,0.036977] ,
    "age_brackets": [0,5,10,15,20,25,30,35,40,45,50,55,60,65,70,75,80],
    "relative_infectiousness": [0.79915,0.687631,0.675465,0.756167,0.918134,0.965157,0.947093,0.932175,0.933528,0.939668,0.953521,0.981757,1,0.998492,0.989752,0.973762,0.943804],
    "vaccinated_proportion":{
        "Pfizer": {
            "First_Dose":[0.05294,0.040054,0.031797,0.021906,0.013171,0.007619,0.003854,0.001122,0.000812],
            "Second_Dose":[0.531008,0.610248,0.630592,0.692638,0.731638,0.521225,0.132606,0.067118,0.150202]  
            },
        "Astrazeneca": {
            "First_Dose":[0.00003,0.001214,0.003102,0.002664,0.003514,0.006975,0.051804,0.034216,0.029961] ,
            "Second_Dose":[0.000038,0.003843,0.024817,0.025,0.037318,0.292569,0.669752,0.8171,0.738252]  
            },
        "Moderna": {
            "First_Dose":[0.039075,0.029019,0.023697,0.015283,0.009685,0.005267,0.002853,0.000809,0.000579] ,
            "Second_Dose":[0.1571,0.116458,0.094691,0.064117,0.039912,0.022287,0.012748,0.004137,0.003349] 
            }
    },
    "kid_age_distribution":[1.0,1.0,1.0,0.0,
        0.0,0.0,0.0,0.0,
        0.0,0.0,0.0,0.0,
        0.0,0.0,0.0,0.0,0.0],
    "adult_age_distribution":[0.0,0.0,0.0,1.0,
            1.0,1.0,1.0,1.0,
            1.0,1.0,1.0,1.0,
            1.0,1.0,1.0,1.0,1.0]
}
