{
    "folder_suffix":"_2510_WA_90",
    "output_directory": "./outputs/",
    "time_shift":0,
    "end_time": 500,
    "initial_infections": 0,
    "num_houses": 1024843,
    "average_house_size": 2.6,
    "Beta_H": 0.0,
    "TP": 6.32,
    "ttiq": "optimal",
    "vaccine_inputs": "vaccine_parameters.json",
    "contact_matrix": "transpose_matrix.csv",
    "population_pi": [0.064402,0.065758,0.064016,0.058143,0.062598,0.069405,0.076589,0.074431,0.065375,0.06684,0.063184,0.060937,0.05529,0.047834,0.040644,0.027578,0.036977] ,
    "age_brackets": [0,5,10,15,20,25,30,35,40,45,50,55,60,65,70,75,80],
    "relative_infectiousness": [0.79915,0.687631,0.675465,0.756167,0.918134,0.965157,0.947093,0.932175,0.933528,0.939668,0.953521,0.981757,1,0.998492,0.989752,0.973762,0.943804],
    "vaccinated_proportion":{
        "Pfizer": {
            "First_Dose":[0.0,0.0,0.0,0.0,0.0,0.0,0.0,0.0,0.0],
            "Second_Dose":[0.623144,0.677695,0.685088,0.732347,0.759314,0.537722,0.141715,0.069648,0.151653] 
            },
        "Astrazeneca": {
            "First_Dose":[0.0,0.0,0.0,0.0,0.0,0.0,0.0,0.0,0.0],
            "Second_Dose":[0.000068,0.005056,0.027919,0.027663,0.040832,0.299544,0.721557,0.851316,0.768213]
            },
        "Moderna": {
            "First_Dose":[0.0,0.0,0.0,0.0,0.0,0.0,0.0,0.0,0.0],
            "Second_Dose":[0.216814,0.160824,0.131454,0.090667,0.054905,0.030708,0.017483,0.005534,0.004202] 
            }
    },
    "kid_age_distribution":[1.0,1.0,1.0,0.0,
        0.0,0.0,0.0,0.0,
        0.0,0.0,0.0,0.0,
        0.0,0.0,0.0,0.0,0.0],
    "adult_age_distribution":[0.0,0.0,0.0,1.0,
            1.0,1.0,1.0,1.0,
            1.0,1.0,1.0,1.0,
            1.0,1.0,1.0,1.0,1.0]
}
